-- phpMyAdmin SQL Dump
-- version 5.2.3
-- https://www.phpmyadmin.net/
--
-- Servidor: 127.0.0.1:3306
-- Tiempo de generación: 22-07-2026 a las 01:19:44
-- Versión del servidor: 8.4.7
-- Versión de PHP: 8.3.28

SET SQL_MODE = "NO_AUTO_VALUE_ON_ZERO";
START TRANSACTION;
SET time_zone = "+00:00";


/*!40101 SET @OLD_CHARACTER_SET_CLIENT=@@CHARACTER_SET_CLIENT */;
/*!40101 SET @OLD_CHARACTER_SET_RESULTS=@@CHARACTER_SET_RESULTS */;
/*!40101 SET @OLD_COLLATION_CONNECTION=@@COLLATION_CONNECTION */;
/*!40101 SET NAMES utf8mb4 */;

--
-- Base de datos: `trivias_db`
--

-- --------------------------------------------------------

--
-- Estructura de tabla para la tabla `app_ratings`
--

DROP TABLE IF EXISTS `app_ratings`;
CREATE TABLE IF NOT EXISTS `app_ratings` (
  `id` int UNSIGNED NOT NULL AUTO_INCREMENT,
  `user_id` int UNSIGNED NOT NULL,
  `rating` enum('mucho','regular','medio','bastante') CHARACTER SET utf8mb4 COLLATE utf8mb4_unicode_ci NOT NULL,
  `created_at` timestamp NULL DEFAULT CURRENT_TIMESTAMP,
  PRIMARY KEY (`id`),
  UNIQUE KEY `user_id` (`user_id`)
) ENGINE=MyISAM AUTO_INCREMENT=3 DEFAULT CHARSET=utf8mb4 COLLATE=utf8mb4_unicode_ci;

--
-- Volcado de datos para la tabla `app_ratings`
--

INSERT INTO `app_ratings` (`id`, `user_id`, `rating`, `created_at`) VALUES
(1, 1, 'mucho', '2026-07-19 14:49:59'),
(2, 5, 'bastante', '2026-07-19 15:08:56');

-- --------------------------------------------------------

--
-- Estructura de tabla para la tabla `avatars`
--

DROP TABLE IF EXISTS `avatars`;
CREATE TABLE IF NOT EXISTS `avatars` (
  `id` int UNSIGNED NOT NULL AUTO_INCREMENT,
  `user_id` int UNSIGNED NOT NULL,
  `image` varchar(255) CHARACTER SET utf8mb4 COLLATE utf8mb4_unicode_ci NOT NULL,
  `activo` tinyint(1) NOT NULL DEFAULT '1',
  `created_at` timestamp NULL DEFAULT CURRENT_TIMESTAMP,
  `updated_at` timestamp NULL DEFAULT CURRENT_TIMESTAMP ON UPDATE CURRENT_TIMESTAMP,
  PRIMARY KEY (`id`),
  KEY `user_id` (`user_id`)
) ENGINE=InnoDB AUTO_INCREMENT=12 DEFAULT CHARSET=utf8mb4 COLLATE=utf8mb4_unicode_ci;

--
-- Volcado de datos para la tabla `avatars`
--

INSERT INTO `avatars` (`id`, `user_id`, `image`, `activo`, `created_at`, `updated_at`) VALUES
(1, 1, 'avatar_6a5ae557cb19f.png', 0, '2026-07-14 02:59:14', '2026-07-21 14:17:17'),
(4, 2, 'avatar_6a5acd4ecae11.png', 0, '2026-07-18 00:48:14', '2026-07-18 01:36:50'),
(5, 2, 'avatar_6a5ad757a7444.jpeg', 1, '2026-07-18 01:31:03', '2026-07-18 01:36:50'),
(6, 4, 'avatar_6a5b97153bfaf.png', 0, '2026-07-18 15:09:09', '2026-07-22 01:17:00'),
(8, 5, 'avatar_6a5c03b518daf.png', 1, '2026-07-18 22:52:37', '2026-07-19 04:25:53'),
(9, 5, 'default.png', 0, '2026-07-19 01:23:00', '2026-07-19 04:25:53'),
(10, 1, 'avatar_6a5c27355cebc.jpeg', 1, '2026-07-19 01:24:05', '2026-07-21 14:17:17');

-- --------------------------------------------------------

--
-- Estructura de tabla para la tabla `game_responses`
--

DROP TABLE IF EXISTS `game_responses`;
CREATE TABLE IF NOT EXISTS `game_responses` (
  `id` int UNSIGNED NOT NULL AUTO_INCREMENT,
  `session_id` int UNSIGNED NOT NULL,
  `user_id` int UNSIGNED NOT NULL,
  `question_id` int UNSIGNED NOT NULL,
  `selected_option_id` int UNSIGNED DEFAULT NULL,
  `boolean_answer` tinyint(1) DEFAULT NULL,
  `is_correct` tinyint(1) NOT NULL DEFAULT '0',
  `response_time_ms` int UNSIGNED DEFAULT '0',
  `answered_at` timestamp NULL DEFAULT CURRENT_TIMESTAMP,
  PRIMARY KEY (`id`),
  KEY `session_id` (`session_id`),
  KEY `user_id` (`user_id`),
  KEY `question_id` (`question_id`),
  KEY `selected_option_id` (`selected_option_id`)
) ENGINE=InnoDB AUTO_INCREMENT=412 DEFAULT CHARSET=utf8mb4 COLLATE=utf8mb4_unicode_ci;

--
-- Volcado de datos para la tabla `game_responses`
--

INSERT INTO `game_responses` (`id`, `session_id`, `user_id`, `question_id`, `selected_option_id`, `boolean_answer`, `is_correct`, `response_time_ms`, `answered_at`) VALUES
(162, 93, 1, 22, 55, 1, 1, 65682, '2026-07-19 03:37:51'),
(163, 93, 1, 20, 49, 1, 1, 67249, '2026-07-19 03:37:51'),
(164, 93, 1, 17, 43, NULL, 1, 80786, '2026-07-19 03:37:51'),
(165, 93, 1, 21, 53, NULL, 1, 83976, '2026-07-19 03:37:51'),
(166, 93, 1, 19, 45, NULL, 1, 95272, '2026-07-19 03:37:51'),
(167, 94, 1, 20, 49, 1, 1, 1418, '2026-07-19 03:39:28'),
(168, 94, 1, 17, 43, NULL, 1, 3411, '2026-07-19 03:39:28'),
(169, 94, 1, 21, 53, NULL, 1, 5178, '2026-07-19 03:39:28'),
(170, 94, 1, 19, 45, NULL, 1, 6571, '2026-07-19 03:39:28'),
(171, 94, 1, 22, 55, 1, 1, 9114, '2026-07-19 03:39:28'),
(177, 98, 1, 30, 81, 1, 1, 5160, '2026-07-19 03:54:35'),
(179, 98, 1, 32, 88, 0, 0, 14199, '2026-07-19 03:54:35'),
(180, 98, 1, 31, 85, NULL, 0, 19543, '2026-07-19 03:54:35'),
(181, 98, 1, 28, 75, NULL, 0, 21837, '2026-07-19 03:54:35'),
(182, 99, 1, 32, 87, 1, 1, 3435, '2026-07-19 03:55:21'),
(183, 99, 1, 31, 83, NULL, 1, 7691, '2026-07-19 03:55:21'),
(184, 99, 1, 28, 73, NULL, 1, 9570, '2026-07-19 03:55:21'),
(186, 99, 1, 30, 81, 1, 1, 18081, '2026-07-19 03:55:21'),
(192, 103, 5, 19, 45, NULL, 1, 3153, '2026-07-19 04:55:45'),
(193, 103, 5, 22, 55, 1, 1, 11185, '2026-07-19 04:55:45'),
(194, 103, 5, 17, 43, NULL, 1, 20113, '2026-07-19 04:55:45'),
(195, 103, 5, 20, 49, 1, 1, 27408, '2026-07-19 04:55:45'),
(196, 103, 5, 21, 53, NULL, 1, 31912, '2026-07-19 04:55:45'),
(228, 115, 1, 23, 141, NULL, 1, 1208, '2026-07-19 18:17:52'),
(229, 115, 1, 27, 152, 0, 1, 2873, '2026-07-19 18:17:52'),
(230, 115, 1, 26, 147, NULL, 1, 1680, '2026-07-19 18:17:52'),
(231, 115, 1, 25, 139, 1, 1, 1873, '2026-07-19 18:17:52'),
(232, 116, 1, 25, 139, 1, 1, 1732, '2026-07-19 18:18:30'),
(233, 116, 1, 26, 147, NULL, 1, 752, '2026-07-19 18:18:30'),
(234, 116, 1, 27, 152, 0, 1, 1520, '2026-07-19 18:18:30'),
(235, 116, 1, 24, 154, NULL, 1, 1000, '2026-07-19 18:18:30'),
(236, 116, 1, 23, 141, NULL, 1, 841, '2026-07-19 18:18:30'),
(237, 118, 1, 26, 148, NULL, 0, 1348, '2026-07-19 18:19:05'),
(238, 118, 1, 27, 151, 1, 0, 809, '2026-07-19 18:19:05'),
(239, 118, 1, 25, 140, 0, 0, 673, '2026-07-19 18:19:05'),
(240, 118, 1, 23, 142, NULL, 0, 488, '2026-07-19 18:19:05'),
(241, 118, 1, 24, 154, NULL, 1, 536, '2026-07-19 18:19:05'),
(242, 119, 1, 31, 83, NULL, 1, 4579, '2026-07-19 18:30:16'),
(244, 119, 1, 32, 87, 1, 1, 7273, '2026-07-19 18:30:16'),
(245, 119, 1, 30, 81, 1, 1, 3913, '2026-07-19 18:30:16'),
(246, 119, 1, 28, 73, NULL, 1, 2889, '2026-07-19 18:30:16'),
(247, 120, 1, 28, 73, NULL, 1, 1826, '2026-07-19 18:30:36'),
(248, 120, 1, 32, 88, 0, 0, 2161, '2026-07-19 18:30:36'),
(249, 120, 1, 31, 83, NULL, 1, 976, '2026-07-19 18:30:36'),
(251, 120, 1, 30, 81, 1, 1, 1433, '2026-07-19 18:30:36'),
(253, 121, 1, 30, 81, 1, 1, 1480, '2026-07-19 18:30:59'),
(254, 121, 1, 32, 87, 1, 1, 1705, '2026-07-19 18:30:59'),
(255, 121, 1, 28, 73, NULL, 1, 1272, '2026-07-19 18:30:59'),
(256, 121, 1, 31, 83, NULL, 1, 1664, '2026-07-19 18:30:59'),
(257, 122, 1, 30, 81, 1, 1, 3564, '2026-07-19 18:31:22'),
(258, 122, 1, 31, 83, NULL, 1, 2392, '2026-07-19 18:31:22'),
(259, 122, 1, 32, 87, 1, 1, 2337, '2026-07-19 18:31:22'),
(260, 122, 1, 28, 73, NULL, 1, 2441, '2026-07-19 18:31:22'),
(262, 124, 1, 30, 81, 1, 1, 2173, '2026-07-19 18:32:27'),
(263, 124, 1, 28, 73, NULL, 1, 1168, '2026-07-19 18:32:27'),
(264, 124, 1, 32, 87, 1, 1, 1111, '2026-07-19 18:32:27'),
(265, 124, 1, 29, 159, NULL, 1, 1337, '2026-07-19 18:32:27'),
(266, 124, 1, 31, 83, NULL, 1, 1505, '2026-07-19 18:32:27'),
(267, 125, 5, 27, 152, 0, 1, 5049, '2026-07-19 23:01:55'),
(268, 125, 5, 25, 139, 1, 1, 1201, '2026-07-19 23:01:55'),
(269, 125, 5, 23, 141, NULL, 1, 1225, '2026-07-19 23:01:55'),
(270, 125, 5, 24, 154, NULL, 1, 1169, '2026-07-19 23:01:55'),
(271, 125, 5, 26, 147, NULL, 1, 1057, '2026-07-19 23:01:55'),
(272, 126, 5, 27, 152, 0, 1, 3914, '2026-07-19 23:11:26'),
(273, 126, 5, 24, 154, NULL, 1, 1337, '2026-07-19 23:11:26'),
(274, 126, 5, 26, 147, NULL, 1, 4297, '2026-07-19 23:11:26'),
(275, 126, 5, 23, 141, NULL, 1, 1200, '2026-07-19 23:11:26'),
(276, 126, 5, 25, 139, 1, 1, 2815, '2026-07-19 23:11:26'),
(277, 127, 4, 26, 147, NULL, 1, 1542, '2026-07-19 23:13:29'),
(278, 127, 4, 25, 139, 1, 1, 3096, '2026-07-19 23:13:29'),
(279, 127, 4, 27, 152, 0, 1, 2113, '2026-07-19 23:13:29'),
(280, 127, 4, 23, 141, NULL, 1, 2617, '2026-07-19 23:13:29'),
(281, 127, 4, 24, 154, NULL, 1, 808, '2026-07-19 23:13:29'),
(282, 128, 4, 25, 139, 1, 1, 3142, '2026-07-19 23:14:09'),
(283, 128, 4, 26, 147, NULL, 1, 1295, '2026-07-19 23:14:09'),
(284, 128, 4, 27, 151, 1, 0, 1648, '2026-07-19 23:14:09'),
(285, 128, 4, 23, 141, NULL, 1, 1281, '2026-07-19 23:14:09'),
(286, 128, 4, 24, 154, NULL, 1, 1033, '2026-07-19 23:14:09'),
(287, 131, 1, 37, 103, 1, 0, 8314, '2026-07-19 23:53:12'),
(288, 131, 1, 36, 100, NULL, 1, 3904, '2026-07-19 23:53:12'),
(289, 131, 1, 34, 96, NULL, 0, 6993, '2026-07-19 23:53:12'),
(290, 131, 1, 33, 90, NULL, 1, 5144, '2026-07-19 23:53:12'),
(291, 131, 1, 35, 97, 1, 1, 8088, '2026-07-19 23:53:12'),
(292, 134, 1, 23, 141, NULL, 1, 7696, '2026-07-20 00:24:03'),
(293, 134, 1, 27, 151, 1, 0, 706, '2026-07-20 00:24:03'),
(294, 134, 1, 24, 156, NULL, 0, 913, '2026-07-20 00:24:03'),
(295, 134, 1, 26, 150, NULL, 0, 1305, '2026-07-20 00:24:03'),
(296, 134, 1, 25, 140, 0, 0, 1169, '2026-07-20 00:24:03'),
(297, 135, 4, 35, 97, 1, 1, 1282, '2026-07-20 01:16:57'),
(298, 135, 4, 36, 99, NULL, 0, 535, '2026-07-20 01:16:57'),
(299, 135, 4, 33, 89, NULL, 0, 624, '2026-07-20 01:16:57'),
(300, 135, 4, 37, 103, 1, 0, 1018, '2026-07-20 01:16:57'),
(301, 135, 4, 34, 93, NULL, 0, 673, '2026-07-20 01:16:57'),
(302, 136, 4, 34, 94, NULL, 1, 18594, '2026-07-20 01:17:45'),
(303, 136, 4, 33, 90, NULL, 1, 7328, '2026-07-20 01:17:45'),
(304, 136, 4, 35, 97, 1, 1, 833, '2026-07-20 01:17:45'),
(305, 136, 4, 37, 103, 1, 0, 767, '2026-07-20 01:17:45'),
(306, 136, 4, 36, 100, NULL, 1, 1520, '2026-07-20 01:17:45'),
(307, 137, 2, 37, 103, 1, 0, 2642, '2026-07-20 01:27:01'),
(308, 137, 2, 34, 94, NULL, 1, 1537, '2026-07-20 01:27:01'),
(309, 137, 2, 36, 100, NULL, 1, 1625, '2026-07-20 01:27:01'),
(310, 137, 2, 33, 90, NULL, 1, 1649, '2026-07-20 01:27:01'),
(311, 137, 2, 35, 97, 1, 1, 1097, '2026-07-20 01:27:01'),
(312, 140, 4, 26, 147, NULL, 1, 5450, '2026-07-20 18:24:19'),
(313, 140, 4, 24, 154, NULL, 1, 4407, '2026-07-20 18:24:19'),
(314, 140, 4, 27, 152, 0, 1, 2585, '2026-07-20 18:24:19'),
(315, 140, 4, 25, 139, 1, 1, 2249, '2026-07-20 18:24:19'),
(316, 140, 4, 23, 141, NULL, 1, 3312, '2026-07-20 18:24:19'),
(317, 141, 1, 27, 152, 0, 1, 5342, '2026-07-20 19:27:06'),
(318, 141, 1, 26, 147, NULL, 1, 2824, '2026-07-20 19:27:06'),
(319, 141, 1, 25, 139, 1, 1, 2815, '2026-07-20 19:27:06'),
(320, 141, 1, 23, 141, NULL, 1, 6392, '2026-07-20 19:27:06'),
(321, 141, 1, 24, 154, NULL, 1, 3105, '2026-07-20 19:27:06'),
(322, 142, 1, 23, 141, NULL, 1, 3765, '2026-07-20 19:40:04'),
(323, 142, 1, 27, 151, 1, 0, 2343, '2026-07-20 19:40:04'),
(324, 142, 1, 26, 148, NULL, 0, 984, '2026-07-20 19:40:04'),
(325, 142, 1, 24, 153, NULL, 0, 1216, '2026-07-20 19:40:04'),
(326, 142, 1, 25, 140, 0, 0, 3153, '2026-07-20 19:40:04'),
(327, 143, 1, 23, 141, NULL, 1, 1637, '2026-07-20 19:44:05'),
(328, 143, 1, 26, 147, NULL, 1, 1680, '2026-07-20 19:44:05'),
(329, 143, 1, 24, 154, NULL, 1, 13640, '2026-07-20 19:44:05'),
(330, 143, 1, 27, 151, 1, 0, 21745, '2026-07-20 19:44:05'),
(331, 143, 1, 25, 140, 0, 0, 2703, '2026-07-20 19:44:05'),
(332, 144, 1, 25, 139, 1, 1, 6776, '2026-07-20 19:44:33'),
(333, 144, 1, 27, 152, 0, 1, 1544, '2026-07-20 19:44:33'),
(334, 144, 1, 23, 141, NULL, 1, 1304, '2026-07-20 19:44:33'),
(335, 144, 1, 24, 154, NULL, 1, 904, '2026-07-20 19:44:33'),
(336, 144, 1, 26, 147, NULL, 1, 5552, '2026-07-20 19:44:33'),
(337, 145, 1, 26, 147, NULL, 1, 1764, '2026-07-20 19:59:39'),
(338, 145, 1, 23, 141, NULL, 1, 776, '2026-07-20 19:59:39'),
(339, 145, 1, 24, 154, NULL, 1, 569, '2026-07-20 19:59:39'),
(340, 145, 1, 27, 152, 0, 1, 697, '2026-07-20 19:59:39'),
(341, 145, 1, 25, 139, 1, 1, 2224, '2026-07-20 19:59:39'),
(342, 146, 1, 25, 140, 0, 0, 8795, '2026-07-20 20:04:59'),
(343, 146, 1, 23, 143, NULL, 0, 3584, '2026-07-20 20:04:59'),
(344, 146, 1, 26, 148, NULL, 0, 2176, '2026-07-20 20:04:59'),
(345, 146, 1, 27, 151, 1, 0, 2384, '2026-07-20 20:04:59'),
(346, 146, 1, 24, 153, NULL, 0, 1545, '2026-07-20 20:04:59'),
(347, 147, 1, 25, 139, 1, 1, 2892, '2026-07-20 20:06:43'),
(348, 147, 1, 27, 151, 1, 0, 3128, '2026-07-20 20:06:43'),
(349, 147, 1, 26, 147, NULL, 1, 1936, '2026-07-20 20:06:43'),
(350, 147, 1, 24, 154, NULL, 1, 1065, '2026-07-20 20:06:43'),
(351, 147, 1, 23, 141, NULL, 1, 1992, '2026-07-20 20:06:43'),
(352, 148, 1, 27, 152, 0, 1, 3355, '2026-07-20 20:07:43'),
(353, 148, 1, 24, 154, NULL, 1, 1200, '2026-07-20 20:07:43'),
(354, 148, 1, 23, 141, NULL, 1, 1113, '2026-07-20 20:07:43'),
(355, 148, 1, 25, 139, 1, 1, 2120, '2026-07-20 20:07:43'),
(356, 148, 1, 26, 147, NULL, 1, 897, '2026-07-20 20:07:43'),
(357, 149, 1, 26, 147, NULL, 1, 5310, '2026-07-20 20:10:51'),
(358, 149, 1, 24, 153, NULL, 0, 2224, '2026-07-20 20:10:51'),
(359, 149, 1, 27, 151, 1, 0, 2625, '2026-07-20 20:10:51'),
(360, 149, 1, 23, 141, NULL, 1, 752, '2026-07-20 20:10:51'),
(361, 149, 1, 25, 139, 1, 1, 1767, '2026-07-20 20:10:51'),
(362, 150, 1, 25, 139, 1, 1, 19684, '2026-07-20 20:21:31'),
(363, 150, 1, 26, 147, NULL, 1, 9328, '2026-07-20 20:21:31'),
(364, 150, 1, 27, 152, 0, 1, 14625, '2026-07-20 20:21:31'),
(365, 150, 1, 24, 154, NULL, 1, 16496, '2026-07-20 20:21:31'),
(366, 150, 1, 23, 141, NULL, 1, 6809, '2026-07-20 20:21:31'),
(367, 151, 1, 26, 147, NULL, 1, 1108, '2026-07-20 20:22:40'),
(368, 151, 1, 23, 141, NULL, 1, 1001, '2026-07-20 20:22:40'),
(369, 151, 1, 25, 139, 1, 1, 1529, '2026-07-20 20:22:40'),
(370, 151, 1, 24, 154, NULL, 1, 874, '2026-07-20 20:22:40'),
(371, 151, 1, 27, 151, 1, 0, 2023, '2026-07-20 20:22:40'),
(372, 153, 4, 26, 147, NULL, 1, 4080, '2026-07-20 20:31:53'),
(373, 153, 4, 25, 139, 1, 1, 11921, '2026-07-20 20:31:53'),
(374, 153, 4, 24, 154, NULL, 1, 984, '2026-07-20 20:31:53'),
(375, 153, 4, 23, 142, NULL, 0, 594, '2026-07-20 20:31:53'),
(376, 153, 4, 27, 152, 0, 1, 512, '2026-07-20 20:31:53'),
(377, 153, 1, 23, 141, NULL, 1, 36568, '2026-07-20 20:32:07'),
(378, 153, 1, 27, 151, 1, 0, 528, '2026-07-20 20:32:07'),
(379, 153, 1, 24, 154, NULL, 1, 457, '2026-07-20 20:32:07'),
(380, 153, 1, 25, 140, 0, 0, 569, '2026-07-20 20:32:07'),
(381, 153, 1, 26, 147, NULL, 1, 1744, '2026-07-20 20:32:07'),
(382, 158, 1, 27, 151, 1, 0, 6591, '2026-07-20 22:20:56'),
(383, 158, 1, 25, 140, 0, 0, 497, '2026-07-20 22:20:56'),
(384, 158, 1, 26, 148, NULL, 0, 432, '2026-07-20 22:20:56'),
(385, 158, 1, 24, 154, NULL, 1, 600, '2026-07-20 22:20:56'),
(386, 158, 1, 23, 141, NULL, 1, 503, '2026-07-20 22:20:56'),
(387, 160, 1, 25, 139, 1, 1, 1947, '2026-07-20 22:31:13'),
(388, 160, 1, 26, 147, NULL, 1, 4050, '2026-07-20 22:31:13'),
(389, 160, 1, 24, 154, NULL, 1, 4129, '2026-07-20 22:31:13'),
(390, 160, 1, 27, 151, 1, 0, 1167, '2026-07-20 22:31:13'),
(391, 160, 1, 23, 141, NULL, 1, 5344, '2026-07-20 22:31:13'),
(392, 164, 4, 24, 154, NULL, 1, 3631, '2026-07-21 02:03:52'),
(393, 164, 4, 27, 152, 0, 1, 3616, '2026-07-21 02:03:52'),
(394, 164, 4, 25, 139, 1, 1, 1607, '2026-07-21 02:03:52'),
(395, 164, 4, 23, 141, NULL, 1, 2465, '2026-07-21 02:03:52'),
(396, 164, 4, 26, 147, NULL, 1, 3192, '2026-07-21 02:03:52'),
(397, 165, 9, 25, 139, 1, 1, 4567, '2026-07-21 04:31:04'),
(398, 165, 9, 26, 147, NULL, 1, 2090, '2026-07-21 04:31:04'),
(399, 165, 9, 23, 141, NULL, 1, 3193, '2026-07-21 04:31:04'),
(400, 165, 9, 27, 152, 0, 1, 4563, '2026-07-21 04:31:04'),
(401, 165, 9, 24, 154, NULL, 1, 1968, '2026-07-21 04:31:04'),
(402, 166, 1, 19, 45, NULL, 1, 1488, '2026-07-21 04:33:33'),
(403, 166, 1, 17, 43, NULL, 1, 1496, '2026-07-21 04:33:33'),
(404, 166, 1, 21, 53, NULL, 1, 1234, '2026-07-21 04:33:33'),
(405, 166, 1, 20, 49, 1, 1, 745, '2026-07-21 04:33:33'),
(406, 166, 1, 22, 55, 1, 1, 618, '2026-07-21 04:33:33'),
(407, 167, 9, 19, 45, NULL, 1, 4880, '2026-07-21 04:35:05'),
(408, 167, 9, 21, 53, NULL, 1, 1881, '2026-07-21 04:35:05'),
(409, 167, 9, 22, 55, 1, 1, 1416, '2026-07-21 04:35:05'),
(410, 167, 9, 20, 49, 1, 1, 2569, '2026-07-21 04:35:05'),
(411, 167, 9, 17, 43, NULL, 1, 1864, '2026-07-21 04:35:05');

-- --------------------------------------------------------

--
-- Estructura de tabla para la tabla `game_sessions`
--

DROP TABLE IF EXISTS `game_sessions`;
CREATE TABLE IF NOT EXISTS `game_sessions` (
  `id` int UNSIGNED NOT NULL AUTO_INCREMENT,
  `room_code` varchar(10) CHARACTER SET utf8mb4 COLLATE utf8mb4_unicode_ci NOT NULL,
  `theme_level_id` int UNSIGNED NOT NULL,
  `host_user_id` int UNSIGNED NOT NULL,
  `started_at` timestamp NULL DEFAULT CURRENT_TIMESTAMP,
  `finished_at` timestamp NULL DEFAULT NULL,
  PRIMARY KEY (`id`),
  UNIQUE KEY `room_code` (`room_code`),
  KEY `theme_level_id` (`theme_level_id`),
  KEY `host_user_id` (`host_user_id`)
) ENGINE=InnoDB AUTO_INCREMENT=170 DEFAULT CHARSET=utf8mb4 COLLATE=utf8mb4_unicode_ci;

--
-- Volcado de datos para la tabla `game_sessions`
--

INSERT INTO `game_sessions` (`id`, `room_code`, `theme_level_id`, `host_user_id`, `started_at`, `finished_at`) VALUES
(1, '9849e1', 1, 1, '2026-07-05 02:56:29', NULL),
(2, '208e55', 1, 1, '2026-07-05 03:08:18', NULL),
(3, '13395a', 1, 1, '2026-07-05 04:14:21', NULL),
(4, '4635c5', 1, 1, '2026-07-05 04:19:07', NULL),
(5, '16501b', 4, 1, '2026-07-05 04:40:20', NULL),
(6, '1eab3a', 1, 1, '2026-07-05 04:43:34', NULL),
(7, '973d28', 1, 1, '2026-07-05 12:05:47', NULL),
(8, 'ea0785', 4, 1, '2026-07-06 01:31:29', NULL),
(9, 'efab9e', 1, 1, '2026-07-06 01:31:41', NULL),
(10, 'b9e8b0', 1, 1, '2026-07-06 01:50:37', NULL),
(11, '745ac2', 1, 1, '2026-07-06 01:50:56', NULL),
(12, '2cbd08', 1, 1, '2026-07-06 01:51:16', NULL),
(13, '6b183b', 2, 1, '2026-07-06 01:51:38', NULL),
(14, '7ed09c', 2, 1, '2026-07-06 01:53:28', NULL),
(15, '70d508', 2, 1, '2026-07-06 01:53:36', NULL),
(16, 'b0872e', 1, 1, '2026-07-06 02:01:29', NULL),
(17, '795d14', 1, 1, '2026-07-06 02:37:07', NULL),
(18, 'c725ce', 2, 1, '2026-07-06 02:37:59', NULL),
(19, 'a1675c', 2, 1, '2026-07-06 22:33:17', NULL),
(20, 'a835b0', 2, 1, '2026-07-06 22:33:26', NULL),
(21, '081d2a', 7, 1, '2026-07-06 22:52:23', NULL),
(22, '905951', 7, 1, '2026-07-06 23:12:05', NULL),
(23, 'b92759', 1, 1, '2026-07-06 23:15:33', NULL),
(24, '227682', 7, 1, '2026-07-06 23:23:58', NULL),
(25, '4c24e0', 1, 1, '2026-07-07 00:09:52', NULL),
(26, 'a742ae', 7, 1, '2026-07-07 00:10:15', NULL),
(27, '945482', 1, 1, '2026-07-07 00:10:44', NULL),
(28, '515b27', 1, 1, '2026-07-07 00:10:56', NULL),
(29, '7d0406', 2, 1, '2026-07-07 00:11:09', NULL),
(30, '1324c7', 3, 1, '2026-07-07 00:16:05', NULL),
(31, 'cbd531', 3, 1, '2026-07-07 00:17:20', NULL),
(32, '533b31', 1, 2, '2026-07-07 00:41:55', NULL),
(33, 'f01a52', 1, 2, '2026-07-07 00:42:08', NULL),
(34, '5660c5', 1, 1, '2026-07-07 13:16:06', NULL),
(35, 'cfaa2a', 1, 1, '2026-07-07 13:16:47', NULL),
(36, '8b37f4', 1, 1, '2026-07-14 02:00:26', NULL),
(37, 'badecf', 1, 1, '2026-07-14 03:05:14', NULL),
(38, 'b0e37b', 1, 1, '2026-07-14 04:45:00', NULL),
(39, '896844', 1, 1, '2026-07-14 04:45:19', NULL),
(40, 'e080d0', 1, 1, '2026-07-14 23:35:08', NULL),
(41, '433c7e', 1, 1, '2026-07-14 23:45:06', NULL),
(42, '42cf98', 1, 1, '2026-07-14 23:45:33', NULL),
(43, 'c829cf', 1, 1, '2026-07-14 23:46:05', NULL),
(44, '87c3a6', 9, 1, '2026-07-15 00:34:41', NULL),
(45, 'd009fd', 4, 1, '2026-07-15 00:35:13', NULL),
(46, 'ef3fb5', 9, 1, '2026-07-15 00:36:58', NULL),
(47, '8b38e1', 8, 1, '2026-07-15 00:48:34', NULL),
(48, 'a0f26c', 8, 1, '2026-07-15 00:49:59', NULL),
(49, '46d719', 9, 1, '2026-07-15 00:50:11', NULL),
(50, '2dfec7', 7, 1, '2026-07-15 00:50:36', NULL),
(51, '08e137', 7, 1, '2026-07-15 00:50:47', NULL),
(52, '0056cd', 9, 1, '2026-07-15 00:51:02', NULL),
(53, '6b8eba', 8, 1, '2026-07-15 00:51:13', NULL),
(54, '2c900d', 9, 1, '2026-07-15 00:52:42', NULL),
(55, 'e08dab', 9, 1, '2026-07-15 00:58:48', NULL),
(56, 'f934ca', 1, 2, '2026-07-18 01:23:30', NULL),
(57, 'f1b77d', 2, 2, '2026-07-18 01:23:34', NULL),
(58, 'f65ffb', 1, 2, '2026-07-18 01:26:33', NULL),
(59, '63888b', 1, 2, '2026-07-18 01:27:48', NULL),
(60, '2e4f06', 3, 1, '2026-07-18 01:54:24', NULL),
(61, '90ec13', 1, 1, '2026-07-18 01:58:15', NULL),
(62, '313292', 1, 1, '2026-07-18 02:00:40', NULL),
(63, 'db499f', 1, 1, '2026-07-18 02:04:01', NULL),
(64, '649e40', 1, 1, '2026-07-18 02:11:31', NULL),
(65, 'c7e65c', 1, 1, '2026-07-18 02:12:41', NULL),
(66, 'b28646', 1, 1, '2026-07-18 02:13:20', NULL),
(67, '9e5d82', 1, 1, '2026-07-18 02:13:28', NULL),
(68, 'bee5e8', 1, 1, '2026-07-18 02:13:55', NULL),
(69, 'c782b3', 2, 1, '2026-07-18 02:14:09', NULL),
(70, 'b27707', 3, 1, '2026-07-18 02:14:13', NULL),
(71, '2ed945', 1, 1, '2026-07-18 02:14:21', NULL),
(72, 'a39f83', 1, 1, '2026-07-18 02:19:33', NULL),
(73, '4189f5', 1, 1, '2026-07-18 02:25:36', NULL),
(74, 'd02d97', 1, 1, '2026-07-18 02:28:37', NULL),
(75, 'ed9769', 1, 1, '2026-07-18 02:43:37', NULL),
(76, 'c38a42', 1, 1, '2026-07-18 02:44:36', NULL),
(77, '589215', 1, 1, '2026-07-18 02:59:24', NULL),
(78, '40b15b', 1, 1, '2026-07-18 08:52:25', NULL),
(79, 'a1b926', 1, 1, '2026-07-18 08:52:31', NULL),
(80, '57fc87', 1, 4, '2026-07-18 22:03:37', NULL),
(81, 'c88718', 4, 4, '2026-07-18 22:03:51', NULL),
(82, '8fff3d', 7, 4, '2026-07-18 22:04:00', NULL),
(83, '45034c', 1, 5, '2026-07-18 22:04:49', NULL),
(84, 'cac7fb', 4, 5, '2026-07-18 22:05:02', NULL),
(85, '5aaf32', 7, 5, '2026-07-18 22:05:06', NULL),
(86, '98386b', 1, 5, '2026-07-18 22:51:08', NULL),
(87, 'd2bdaa', 1, 4, '2026-07-18 22:57:51', NULL),
(88, '818080', 1, 5, '2026-07-19 01:09:22', NULL),
(89, 'c59672', 1, 1, '2026-07-19 01:41:07', NULL),
(90, '63fb1b', 1, 1, '2026-07-19 01:56:29', NULL),
(91, '136aad', 1, 1, '2026-07-19 02:00:46', NULL),
(92, 'd9617a', 1, 1, '2026-07-19 03:16:09', NULL),
(93, '21223c', 4, 1, '2026-07-19 03:36:15', '2026-07-19 03:37:51'),
(94, 'a71f14', 4, 1, '2026-07-19 03:39:19', '2026-07-19 03:39:28'),
(95, 'd87695', 2, 1, '2026-07-19 03:52:59', NULL),
(96, '44c1b5', 3, 1, '2026-07-19 03:53:03', NULL),
(97, '699634', 1, 1, '2026-07-19 03:53:10', NULL),
(98, '237f63', 7, 1, '2026-07-19 03:54:12', '2026-07-19 03:54:35'),
(99, '68cc35', 7, 1, '2026-07-19 03:55:02', '2026-07-19 03:55:21'),
(100, '160579', 7, 5, '2026-07-19 04:08:23', NULL),
(101, '58eb78', 1, 5, '2026-07-19 04:08:31', NULL),
(102, 'f58fef', 2, 5, '2026-07-19 04:26:44', NULL),
(103, 'c0d1bc', 4, 5, '2026-07-19 04:55:12', '2026-07-19 04:55:45'),
(104, 'a12903', 1, 1, '2026-07-19 16:47:43', NULL),
(105, '59ad64', 1, 1, '2026-07-19 17:08:31', NULL),
(106, 'b4603f', 1, 1, '2026-07-19 17:43:11', NULL),
(107, 'bf5ef4', 1, 1, '2026-07-19 17:56:06', NULL),
(108, '13e63d', 1, 1, '2026-07-19 17:59:34', NULL),
(109, '8b9194', 1, 1, '2026-07-19 18:00:11', NULL),
(110, '4a7fa0', 1, 1, '2026-07-19 18:00:55', NULL),
(111, 'ac4833', 1, 1, '2026-07-19 18:02:20', NULL),
(112, '76740d', 1, 1, '2026-07-19 18:04:11', NULL),
(113, 'c7c4f9', 1, 1, '2026-07-19 18:14:39', NULL),
(114, 'ee9920', 1, 1, '2026-07-19 18:15:05', NULL),
(115, '51f573', 1, 1, '2026-07-19 18:17:34', '2026-07-19 18:17:52'),
(116, 'bdf6c7', 1, 1, '2026-07-19 18:18:19', '2026-07-19 18:18:30'),
(117, '6139c9', 7, 1, '2026-07-19 18:18:51', NULL),
(118, 'bf6cb6', 1, 1, '2026-07-19 18:18:56', '2026-07-19 18:19:05'),
(119, '4b67a6', 7, 1, '2026-07-19 18:29:45', '2026-07-19 18:30:16'),
(120, '32cdc0', 7, 1, '2026-07-19 18:30:23', '2026-07-19 18:30:36'),
(121, 'bdf674', 7, 1, '2026-07-19 18:30:45', '2026-07-19 18:30:59'),
(122, '6bb91d', 7, 1, '2026-07-19 18:31:05', '2026-07-19 18:31:22'),
(123, '39ff4c', 7, 1, '2026-07-19 18:31:31', NULL),
(124, '57dd83', 7, 1, '2026-07-19 18:32:16', '2026-07-19 18:32:27'),
(125, '11e660', 1, 5, '2026-07-19 23:01:40', '2026-07-19 23:01:55'),
(126, '7e05b2', 1, 5, '2026-07-19 23:11:07', '2026-07-19 23:11:26'),
(127, '5493b2', 1, 4, '2026-07-19 23:13:13', '2026-07-19 23:13:29'),
(128, 'df5f1b', 1, 4, '2026-07-19 23:13:55', '2026-07-19 23:14:09'),
(129, '4aa863', 9, 1, '2026-07-19 23:32:44', NULL),
(130, '35ef84', 8, 1, '2026-07-19 23:33:22', NULL),
(131, 'd6a6c2', 2, 1, '2026-07-19 23:52:36', '2026-07-19 23:53:12'),
(132, '8c37ac', 5, 1, '2026-07-20 00:15:33', NULL),
(133, 'fe2fdc', 5, 5, '2026-07-20 00:16:03', NULL),
(134, '731b1d', 1, 1, '2026-07-20 00:23:47', '2026-07-20 00:24:03'),
(135, '148c3c', 2, 4, '2026-07-20 01:16:48', '2026-07-20 01:16:57'),
(136, '2241e7', 2, 4, '2026-07-20 01:17:11', '2026-07-20 01:17:45'),
(137, 'b608c2', 2, 2, '2026-07-20 01:26:48', '2026-07-20 01:27:01'),
(138, '3339a9', 2, 4, '2026-07-20 18:22:45', NULL),
(139, 'ec40a8', 1, 4, '2026-07-20 18:23:01', NULL),
(140, '324997', 1, 4, '2026-07-20 18:23:44', '2026-07-20 18:24:19'),
(141, '9ade5d', 1, 1, '2026-07-20 19:26:41', '2026-07-20 19:27:06'),
(142, 'c15205', 1, 1, '2026-07-20 19:39:48', '2026-07-20 19:40:04'),
(143, '130bcb', 1, 1, '2026-07-20 19:43:10', '2026-07-20 19:44:05'),
(144, 'f172cd', 1, 1, '2026-07-20 19:44:14', '2026-07-20 19:44:33'),
(145, '1b348e', 1, 1, '2026-07-20 19:59:28', '2026-07-20 19:59:39'),
(146, 'a0ef32', 1, 1, '2026-07-20 20:04:37', '2026-07-20 20:04:59'),
(147, '0c200b', 1, 1, '2026-07-20 20:06:29', '2026-07-20 20:06:43'),
(148, '1b26c8', 1, 1, '2026-07-20 20:07:28', '2026-07-20 20:07:43'),
(149, 'b980d5', 1, 1, '2026-07-20 20:10:33', '2026-07-20 20:10:51'),
(150, '87c6df', 1, 1, '2026-07-20 20:20:20', '2026-07-20 20:21:31'),
(151, '4af181', 1, 1, '2026-07-20 20:22:30', '2026-07-20 20:22:40'),
(152, '032e82', 1, 1, '2026-07-20 20:27:56', NULL),
(153, 'feff7f', 1, 1, '2026-07-20 20:30:27', '2026-07-20 20:31:53'),
(154, '408283', 1, 1, '2026-07-20 21:03:56', NULL),
(155, 'f1a0a7', 1, 1, '2026-07-20 21:04:46', NULL),
(156, 'fab1d9', 1, 1, '2026-07-20 21:15:09', NULL),
(157, '3925b1', 1, 1, '2026-07-20 22:09:59', NULL),
(158, 'bc97dd', 1, 1, '2026-07-20 22:20:42', '2026-07-20 22:20:56'),
(159, '1fc798', 1, 1, '2026-07-20 22:28:52', NULL),
(160, 'd6b5a0', 1, 1, '2026-07-20 22:30:53', '2026-07-20 22:31:13'),
(161, '6e6d88', 1, 1, '2026-07-20 22:31:34', NULL),
(162, 'f6a65f', 1, 1, '2026-07-20 22:35:23', NULL),
(163, '5a90f1', 1, 1, '2026-07-20 22:35:34', NULL),
(164, 'fa7b77', 1, 4, '2026-07-21 02:03:30', '2026-07-21 02:03:52'),
(165, 'a0a253', 1, 9, '2026-07-21 04:30:34', '2026-07-21 04:31:04'),
(166, '0b436c', 4, 1, '2026-07-21 04:33:24', '2026-07-21 04:33:33'),
(167, 'f9ad05', 4, 9, '2026-07-21 04:34:45', '2026-07-21 04:35:05'),
(168, '156989', 1, 1, '2026-07-21 13:33:58', NULL),
(169, '022a44', 1, 1, '2026-07-21 13:40:39', NULL);

-- --------------------------------------------------------

--
-- Estructura de tabla para la tabla `levels`
--

DROP TABLE IF EXISTS `levels`;
CREATE TABLE IF NOT EXISTS `levels` (
  `id` int UNSIGNED NOT NULL AUTO_INCREMENT,
  `name` varchar(50) CHARACTER SET utf8mb4 COLLATE utf8mb4_unicode_ci NOT NULL,
  `order_index` tinyint UNSIGNED NOT NULL,
  `required_correct_percentage` decimal(5,2) NOT NULL DEFAULT '80.00',
  PRIMARY KEY (`id`),
  UNIQUE KEY `name` (`name`),
  UNIQUE KEY `order_index` (`order_index`)
) ENGINE=InnoDB AUTO_INCREMENT=4 DEFAULT CHARSET=utf8mb4 COLLATE=utf8mb4_unicode_ci;

--
-- Volcado de datos para la tabla `levels`
--

INSERT INTO `levels` (`id`, `name`, `order_index`, `required_correct_percentage`) VALUES
(1, 'Básico', 1, 80.00),
(2, 'Intermedio', 2, 80.00),
(3, 'Avanzado', 3, 80.00);

-- --------------------------------------------------------

--
-- Estructura de tabla para la tabla `login_attempts`
--

DROP TABLE IF EXISTS `login_attempts`;
CREATE TABLE IF NOT EXISTS `login_attempts` (
  `id` int UNSIGNED NOT NULL AUTO_INCREMENT,
  `user_id` int UNSIGNED DEFAULT NULL,
  `ip_address` varchar(45) CHARACTER SET utf8mb4 COLLATE utf8mb4_unicode_ci NOT NULL,
  `attempted_at` timestamp NULL DEFAULT CURRENT_TIMESTAMP,
  `success` tinyint(1) NOT NULL DEFAULT '0',
  PRIMARY KEY (`id`),
  KEY `user_id` (`user_id`)
) ENGINE=InnoDB AUTO_INCREMENT=122 DEFAULT CHARSET=utf8mb4 COLLATE=utf8mb4_unicode_ci;

--
-- Volcado de datos para la tabla `login_attempts`
--

INSERT INTO `login_attempts` (`id`, `user_id`, `ip_address`, `attempted_at`, `success`) VALUES
(5, 1, '::1', '2026-07-05 03:33:00', 0),
(6, 1, '::1', '2026-07-05 03:35:09', 0),
(7, 1, '::1', '2026-07-05 03:35:16', 1),
(8, 1, '::1', '2026-07-05 04:25:44', 0),
(9, 1, '::1', '2026-07-05 04:25:49', 1),
(10, 2, '::1', '2026-07-05 04:41:22', 1),
(11, 1, '::1', '2026-07-05 12:02:15', 1),
(12, 2, '::1', '2026-07-05 12:02:35', 1),
(13, 1, '::1', '2026-07-05 12:38:24', 1),
(14, 2, '::1', '2026-07-05 12:46:09', 1),
(15, 1, '::1', '2026-07-05 12:46:21', 1),
(16, 1, '::1', '2026-07-05 12:51:24', 1),
(17, 1, '::1', '2026-07-05 14:04:32', 1),
(18, 2, '::1', '2026-07-05 23:33:56', 1),
(19, 1, '::1', '2026-07-05 23:43:57', 1),
(20, NULL, '::1', '2026-07-06 04:18:12', 0),
(21, NULL, '::1', '2026-07-06 04:18:16', 0),
(22, NULL, '::1', '2026-07-06 04:18:23', 0),
(23, NULL, '::1', '2026-07-06 04:18:30', 0),
(24, NULL, '::1', '2026-07-06 04:18:35', 0),
(25, NULL, '::1', '2026-07-06 04:19:49', 0),
(26, 1, '::1', '2026-07-06 22:27:20', 1),
(27, 1, '::1', '2026-07-07 00:15:41', 1),
(28, 2, '::1', '2026-07-07 00:41:31', 1),
(29, 1, '::1', '2026-07-07 01:05:08', 1),
(30, 2, '::1', '2026-07-07 01:12:30', 1),
(31, 1, '::1', '2026-07-07 01:12:38', 1),
(32, 2, '::1', '2026-07-07 01:12:56', 1),
(33, 1, '::1', '2026-07-07 13:13:46', 1),
(34, 1, '::1', '2026-07-14 01:07:45', 1),
(35, 1, '::1', '2026-07-14 23:33:10', 1),
(36, 1, '::1', '2026-07-14 23:36:06', 1),
(37, 1, '::1', '2026-07-15 00:53:00', 1),
(38, 1, '::1', '2026-07-15 00:58:48', 1),
(39, 1, '::1', '2026-07-17 00:48:25', 1),
(40, 1, '::1', '2026-07-18 00:59:33', 1),
(41, 2, '::1', '2026-07-18 01:20:20', 1),
(42, 1, '::1', '2026-07-18 01:41:03', 1),
(43, 1, '::1', '2026-07-18 01:50:28', 1),
(44, 1, '::1', '2026-07-18 01:52:29', 0),
(45, 1, '::1', '2026-07-18 01:52:32', 0),
(46, 1, '::1', '2026-07-18 01:52:41', 1),
(47, 1, '::1', '2026-07-18 01:53:26', 1),
(48, 1, '::1', '2026-07-18 01:54:24', 1),
(49, 1, '::1', '2026-07-18 02:59:05', 1),
(50, 1, '::1', '2026-07-18 14:39:30', 1),
(51, 4, '::1', '2026-07-18 15:08:56', 1),
(52, NULL, '::1', '2026-07-18 22:02:47', 0),
(53, 4, '::1', '2026-07-18 22:03:29', 1),
(54, 1, '::1', '2026-07-18 22:37:24', 1),
(55, 1, '::1', '2026-07-18 22:37:48', 1),
(56, 4, '::1', '2026-07-18 22:57:39', 1),
(57, 1, '::1', '2026-07-19 00:54:25', 0),
(58, 1, '::1', '2026-07-19 00:54:35', 1),
(59, 5, '::1', '2026-07-19 01:07:52', 1),
(60, 1, '::1', '2026-07-19 01:38:03', 1),
(61, 1, '::1', '2026-07-19 01:40:32', 1),
(62, 5, '::1', '2026-07-19 04:54:54', 1),
(63, 1, '::1', '2026-07-19 14:00:50', 1),
(64, 5, '::1', '2026-07-19 15:08:03', 1),
(65, 1, '::1', '2026-07-19 16:44:40', 1),
(66, 1, '::1', '2026-07-19 17:02:23', 1),
(67, 5, '::1', '2026-07-19 17:21:11', 1),
(68, 1, '::1', '2026-07-19 17:41:04', 1),
(69, 1, '::1', '2026-07-19 17:50:58', 1),
(70, 5, '::1', '2026-07-19 19:59:38', 1),
(71, 2, '::1', '2026-07-19 19:59:51', 1),
(72, 2, '::1', '2026-07-19 20:00:04', 1),
(73, 5, '::1', '2026-07-19 20:01:07', 1),
(74, 5, '::1', '2026-07-19 23:01:23', 1),
(75, 1, '::1', '2026-07-19 23:11:57', 1),
(76, 4, '::1', '2026-07-19 23:13:02', 1),
(77, 1, '::1', '2026-07-19 23:24:46', 1),
(78, 1, '::1', '2026-07-19 23:32:44', 1),
(79, 1, '::1', '2026-07-19 23:32:58', 1),
(80, 1, '::1', '2026-07-19 23:33:22', 1),
(81, 1, '::1', '2026-07-19 23:47:58', 1),
(82, 1, '::1', '2026-07-19 23:57:01', 1),
(83, 1, '::1', '2026-07-19 23:57:33', 0),
(84, 1, '::1', '2026-07-19 23:57:38', 1),
(85, 4, '::1', '2026-07-20 00:03:18', 1),
(86, 1, '::1', '2026-07-20 00:05:08', 1),
(87, 5, '::1', '2026-07-20 00:11:13', 1),
(88, 1, '::1', '2026-07-20 00:11:43', 1),
(89, 5, '::1', '2026-07-20 00:15:59', 1),
(90, 1, '::1', '2026-07-20 00:16:19', 1),
(91, 5, '::1', '2026-07-20 00:16:38', 1),
(92, 1, '::1', '2026-07-20 00:22:28', 1),
(93, 1, '::1', '2026-07-20 00:24:58', 1),
(94, 1, '::1', '2026-07-20 00:27:01', 1),
(95, 1, '::1', '2026-07-20 00:54:04', 1),
(96, 5, '::1', '2026-07-20 01:07:37', 1),
(97, 4, '::1', '2026-07-20 01:07:47', 1),
(98, 5, '::1', '2026-07-20 01:12:22', 1),
(99, 1, '::1', '2026-07-20 01:12:43', 1),
(100, 4, '::1', '2026-07-20 01:16:41', 1),
(101, 1, '::1', '2026-07-20 01:19:17', 1),
(102, 2, '::1', '2026-07-20 01:25:46', 1),
(103, 1, '::1', '2026-07-20 01:27:55', 1),
(104, 4, '::1', '2026-07-20 17:25:09', 0),
(105, 4, '::1', '2026-07-20 17:25:18', 1),
(106, 4, '::1', '2026-07-20 18:21:43', 1),
(107, 1, '::1', '2026-07-20 18:28:47', 1),
(108, 4, '::1', '2026-07-20 18:37:59', 1),
(109, 1, '::1', '2026-07-20 18:38:11', 1),
(110, 1, '::1', '2026-07-20 18:59:44', 1),
(111, 4, '::1', '2026-07-20 20:31:01', 1),
(112, 4, '::1', '2026-07-21 01:59:11', 1),
(113, 4, '::1', '2026-07-21 02:00:44', 0),
(114, 4, '::1', '2026-07-21 02:02:44', 1),
(115, 4, '::1', '2026-07-21 02:28:21', 1),
(116, 1, '::1', '2026-07-21 03:41:48', 1),
(117, 1, '::1', '2026-07-21 03:56:42', 1),
(118, 1, '::1', '2026-07-21 13:33:14', 1),
(119, 4, '::1', '2026-07-21 14:40:55', 1),
(120, 4, '::1', '2026-07-21 15:31:20', 1),
(121, 4, '::1', '2026-07-22 01:16:43', 1);

-- --------------------------------------------------------

--
-- Estructura de tabla para la tabla `options`
--

DROP TABLE IF EXISTS `options`;
CREATE TABLE IF NOT EXISTS `options` (
  `id` int UNSIGNED NOT NULL AUTO_INCREMENT,
  `question_id` int UNSIGNED NOT NULL,
  `text` varchar(255) CHARACTER SET utf8mb4 COLLATE utf8mb4_unicode_ci NOT NULL,
  `is_correct` tinyint(1) NOT NULL DEFAULT '0',
  PRIMARY KEY (`id`),
  KEY `question_id` (`question_id`)
) ENGINE=InnoDB AUTO_INCREMENT=161 DEFAULT CHARSET=utf8mb4 COLLATE=utf8mb4_unicode_ci;

--
-- Volcado de datos para la tabla `options`
--

INSERT INTO `options` (`id`, `question_id`, `text`, `is_correct`) VALUES
(41, 17, 'var', 0),
(42, 17, 'let', 0),
(43, 17, 'const', 1),
(44, 17, 'static', 0),
(45, 19, 'push()', 1),
(46, 19, 'pop()', 0),
(47, 19, 'shift()', 0),
(48, 19, 'append()', 0),
(49, 20, 'Verdadero', 1),
(50, 20, 'Falso', 0),
(51, 21, '<!-- comentario -->', 0),
(52, 21, 'comentario', 0),
(53, 21, '// comentario ', 1),
(54, 21, '/* comentario', 0),
(55, 22, 'Verdadero', 1),
(56, 22, 'Falso', 0),
(73, 28, 'MVC ', 1),
(74, 28, 'MVVM', 0),
(75, 28, 'Singleton', 0),
(76, 28, 'Observer', 0),
(81, 30, 'Verdadero', 1),
(82, 30, 'Falso', 0),
(83, 31, 'php artisan make:controller', 1),
(84, 31, 'php artisan new:controller', 0),
(85, 31, 'laravel controller:create', 0),
(86, 31, 'composer make:controller', 0),
(87, 32, 'Verdadero', 1),
(88, 32, 'Falso', 0),
(89, 33, 'array_combine()', 0),
(90, 33, 'array_merge()', 1),
(91, 33, 'array_concat()', 0),
(92, 33, 'array_join()', 0),
(93, 34, 'No hay diferencia ', 0),
(94, 34, '=== compara también el tipo de dato, == no', 1),
(95, 34, '== es más rápido siempre ', 0),
(96, 34, '=== solo funciona con números', 0),
(97, 35, 'Verdadero', 1),
(98, 35, 'Falso', 0),
(99, 36, 'implements', 0),
(100, 36, 'extends', 1),
(101, 36, 'inherits', 0),
(102, 36, 'super', 0),
(103, 37, 'Verdadero', 0),
(104, 37, 'Falso', 1),
(105, 38, 'forEach()', 0),
(106, 38, 'map()', 1),
(107, 38, 'filter()', 0),
(108, 38, 'reduce()', 0),
(109, 39, 'sync', 0),
(110, 39, 'defer', 0),
(111, 39, 'await', 1),
(112, 39, 'promise', 0),
(113, 40, 'Verdadero', 1),
(114, 40, 'Falso', 0),
(115, 41, 'JSON.parse()', 0),
(116, 41, 'JSON.stringify()', 1),
(117, 41, 'Object.toString()', 0),
(118, 41, 'JSON.convert()', 0),
(119, 42, 'Verdadero', 0),
(120, 42, 'Falso', 1),
(121, 43, 'php artisan make:migration', 1),
(122, 43, 'php artisan db:migrate', 0),
(123, 43, 'php artisan new:table', 0),
(124, 43, 'php artisan create:schema', 0),
(125, 44, 'Con métodos como hasMany() y belongsTo()', 1),
(126, 44, 'Con anotaciones @Relation ', 0),
(127, 44, 'Solo mediante SQL puro', 0),
(128, 44, 'Con el archivo relations.json', 0),
(129, 45, 'Verdadero', 1),
(130, 45, 'Falso', 0),
(131, 46, 'config.php', 0),
(132, 46, '.env', 1),
(133, 46, 'settings.json', 0),
(134, 46, 'environment.php', 0),
(135, 47, 'Verdadero', 1),
(136, 47, 'Falso', 0),
(139, 25, 'Verdadero', 1),
(140, 25, 'Falso', 0),
(141, 23, '$', 1),
(142, 23, '#', 0),
(143, 23, '&', 0),
(144, 23, '@', 0),
(147, 26, '.php', 1),
(148, 26, '.pht', 0),
(149, 26, '.hp', 0),
(150, 26, '.phtml', 0),
(151, 27, 'Verdadero', 0),
(152, 27, 'Falso', 1),
(153, 24, 'print_r()', 0),
(154, 24, 'echo', 1),
(155, 24, 'display()', 0),
(156, 24, 'write()', 0),
(157, 29, 'Twig', 0),
(158, 29, 'Smarty', 0),
(159, 29, 'Blade ', 1),
(160, 29, 'Handlebars', 0);

-- --------------------------------------------------------

--
-- Estructura de tabla para la tabla `prizes`
--

DROP TABLE IF EXISTS `prizes`;
CREATE TABLE IF NOT EXISTS `prizes` (
  `id` int UNSIGNED NOT NULL AUTO_INCREMENT,
  `name` varchar(100) CHARACTER SET utf8mb4 COLLATE utf8mb4_unicode_ci NOT NULL,
  `description` varchar(255) CHARACTER SET utf8mb4 COLLATE utf8mb4_unicode_ci DEFAULT NULL,
  `image` varchar(255) CHARACTER SET utf8mb4 COLLATE utf8mb4_unicode_ci DEFAULT NULL,
  `points_value` int UNSIGNED NOT NULL DEFAULT '0',
  `signature` varchar(64) CHARACTER SET utf8mb4 COLLATE utf8mb4_unicode_ci DEFAULT NULL,
  PRIMARY KEY (`id`)
) ENGINE=InnoDB AUTO_INCREMENT=19 DEFAULT CHARSET=utf8mb4 COLLATE=utf8mb4_unicode_ci;

--
-- Volcado de datos para la tabla `prizes`
--

INSERT INTO `prizes` (`id`, `name`, `description`, `image`, `points_value`, `signature`) VALUES
(9, 'Insignia PHP Básico', 'Otorgado a jugadores por completar  el curso de php basico', 'prize_6a5c49fecdd5b.png', 50, '318eb619d1f446135143c2e22958e790e33b258f3e642824ff75932659b8edce'),
(10, 'Insignia JavaScript Basico', 'Otorgado a jugadores por completar el curso de JavaScript Basico', 'prize_6a5c46e08bb1d.png', 50, '9d8ecb3667db9bf49cc71aeb4c176d670aaaf4ba5c88ae109a50fbbe3efea4fa'),
(11, 'Insignia Laravel Basico', 'Otorgada a jugador por terminar el curso de Laravel básico', 'prize_6a5c49d432245.png', 50, '1483183914ffa767b8e45f0ef16701e5b2b94ca3e9af80c5fe3497027f037b5f'),
(12, 'Insignia PHP Intermedio', 'Otorgado a jugadores por completar  el curso de PHP Intermedio', 'prize_6a5c52edc1a90.png', 100, '8770fa1809dc6843ee668c07721ee4f0c4a017db6d95d151db830447ed406774'),
(13, 'Insignia PHP Avanzando', 'Otorgado a jugadores por completar  el curso de  PHP Avanzado', 'prize_6a5c532178190.png', 250, '7f54319ffc8eb30171bab55bc12460cd6cc43c835e3c0cb2143e68b744e41fb4'),
(14, 'Insignia Laravel Intermedio', 'Otorgado a jugadores por completar  el curso de PHP intermedio.', 'prize_6a5c541e478df.png', 100, '419b7319e052123333e96aa83627f507d291c4089bf24c67aed184b35c55804a'),
(15, 'Insignia Laravel Avanzado', 'Otorgado a jugadores por completar  el curso de Laravel avanzado.', 'prize_6a5c546ab7716.png', 250, 'faf1e1d68ae2f97f4950ed5bc61cddab517859b0f2dd6bbd4ab87dcab9611530'),
(16, 'Insignia JavaScript Avanzado', 'Otorgado a jugadores por completar  el curso de JavaScript Avanzado', 'prize_6a5c56d9ed06a.png', 250, 'c3494233a659ad58bda473a9d10239f2db46e9515ad419e7b8a686fd1b180ae9'),
(17, 'Insignia JavaScript Intermedio', 'Otorgado a jugadores por completar  el curso de JavaScript Intermedio.', 'prize_6a5c588395c6d.png', 100, '629014fe0c668ae8d0e30c33af749df6029194175229d325400c28618f4ee4d5');

-- --------------------------------------------------------

--
-- Estructura de tabla para la tabla `prize_levels`
--

DROP TABLE IF EXISTS `prize_levels`;
CREATE TABLE IF NOT EXISTS `prize_levels` (
  `prize_id` int UNSIGNED NOT NULL,
  `theme_level_id` int UNSIGNED NOT NULL,
  PRIMARY KEY (`prize_id`,`theme_level_id`),
  KEY `idx_prize_id` (`prize_id`),
  KEY `fk_prize_levels_theme_level` (`theme_level_id`)
) ENGINE=InnoDB DEFAULT CHARSET=utf8mb4 COLLATE=utf8mb4_unicode_ci;

--
-- Volcado de datos para la tabla `prize_levels`
--

INSERT INTO `prize_levels` (`prize_id`, `theme_level_id`) VALUES
(9, 1),
(10, 4),
(11, 7),
(12, 2),
(13, 3),
(14, 8),
(15, 9),
(16, 6),
(17, 5);

-- --------------------------------------------------------

--
-- Estructura de tabla para la tabla `questions`
--

DROP TABLE IF EXISTS `questions`;
CREATE TABLE IF NOT EXISTS `questions` (
  `id` int UNSIGNED NOT NULL AUTO_INCREMENT,
  `theme_level_id` int UNSIGNED NOT NULL,
  `text` text CHARACTER SET utf8mb4 COLLATE utf8mb4_unicode_ci NOT NULL,
  `type` enum('multiple','boolean') CHARACTER SET utf8mb4 COLLATE utf8mb4_unicode_ci NOT NULL,
  `created_by` int UNSIGNED NOT NULL,
  `signature` varchar(64) CHARACTER SET utf8mb4 COLLATE utf8mb4_unicode_ci DEFAULT NULL,
  PRIMARY KEY (`id`),
  KEY `theme_level_id` (`theme_level_id`),
  KEY `created_by` (`created_by`)
) ENGINE=InnoDB AUTO_INCREMENT=48 DEFAULT CHARSET=utf8mb4 COLLATE=utf8mb4_unicode_ci;

--
-- Volcado de datos para la tabla `questions`
--

INSERT INTO `questions` (`id`, `theme_level_id`, `text`, `type`, `created_by`, `signature`) VALUES
(17, 4, '¿Cuál palabra clave se usa para declarar una variable que no puede ser reasignada en JavaScript?', 'multiple', 1, 'c771f21da049e80bfbd9d3850b668130ceb1432dbef6f16a06e6bdaa99bdab0d'),
(19, 4, '¿Qué método se usa para agregar un elemento al final de un array?', 'multiple', 1, '63df21f4fda41c12596dc36f55cd6f70e45e7e2062f186c5d46118fd919d9985'),
(20, 4, 'En JavaScript, el operador === compara valor y tipo de dato al mismo tiempo.\r\nRespuesta correcta: Verdadero\r\n', 'boolean', 1, 'a014d516fb28f5922ad293056b59917293560e63b3ff20c52e1eeb97c4646d80'),
(21, 4, '¿Cuál de estas es la forma correcta de escribir un comentario de una sola línea en JavaScript?\r\n', 'multiple', 1, '75779ad7d004b0f0f07b9e9d7be307fcaee79c4ab8d0aee6271f790910ce8828'),
(22, 4, 'La función console.log() se utiliza para mostrar mensajes en la consola del navegador.\r\n', 'boolean', 1, '653830951717efe522259042595dbd7fbc891ebbee223ead5d4f6582bf2fdb82'),
(23, 1, '¿Con qué símbolo se declara una variable en PHP?', 'multiple', 1, 'edd198493dc213a421ed0dbcd98b0787f990824b3e1e8f582f219bd6a8c90c8c'),
(24, 1, '¿Cuál función se usa para mostrar texto en pantalla en PHP?', 'multiple', 1, '24265ae6631527593bf233bc1ef2cbf30e388b3fa5d7fa9a4cf8913f046d8d25'),
(25, 1, 'En PHP, cada línea de código debe terminar con punto y coma (;).', 'boolean', 1, '5e266dbdac9bd5150a6c952f7da16eee555311d925b8f2c24114b1e51fe63a0b'),
(26, 1, '¿Cuál es la extensión de archivo correcta para un script PHP?', 'multiple', 1, '1a258777e72e75f629162ef209bf278292c5e0cea9b9cbf41a9e45ab0c8d7bf5'),
(27, 1, ' PHP es un lenguaje que se ejecuta del lado del cliente (en el navegador), igual que JavaScript.', 'boolean', 1, '4711fbbf2ea1b654f1157f5b5b9d740e00d78086e5a921afdd9b7f54bff0c4c2'),
(28, 7, '¿Qué patrón de arquitectura utiliza Laravel por defecto?', 'multiple', 1, 'bd048687a3ce4964533b6fa9a244edde720e3fbc8102e00132262e773fb1866e'),
(29, 7, '¿Cómo se le llama al sistema de plantillas (vistas) propio de Laravel?', 'multiple', 1, '6894ad41a430f4072cca657be492dec5d2efece76b168caf9b078ea0f9407ea8'),
(30, 7, 'En Laravel, los archivos de rutas se definen normalmente dentro de la carpeta routes/', 'boolean', 1, '38acb9b2cc5593a37161f2adcb68afbc5f6ecc5c652021d64b4c38f51ec18b72'),
(31, 7, '¿Qué comando se usa para crear un nuevo controlador con Artisan?', 'multiple', 1, '7b6b0b635d3633bfbd14dba4de754118d8850e710921624ac33ec524a13852a7'),
(32, 7, 'Eloquent es el ORM (mapeo objeto-relacional) que Laravel usa para trabajar con bases de datos.', 'boolean', 1, '2d343b94fb38ef179f392f1dd3c4de6f47bb9da608fde8a9c42dbb29df2097c1'),
(33, 2, '¿Qué función se usa para combinar dos arrays en PHP, conservando las claves numéricas reindexadas?', 'multiple', 1, '210b017db7a8d43eae105479d48b3ff42afb94b79c4aeca198da33c2d95806d1'),
(34, 2, '¿Cuál es la diferencia principal entre == y === en PHP?', 'multiple', 1, '3055a5266dd9f962d7f527277aa9a57e185f1022d9d9041316d22a398882457d'),
(35, 2, 'En PHP, una función puede llamarse a sí misma; esto se conoce como recursividad.', 'boolean', 1, '2f4c2f778e2ed7ca1f8572191bc6c7cf3c335155f4858f5d4dca86d2a10ced14'),
(36, 2, '¿Qué palabra clave se usa en PHP para heredar de otra clase?', 'multiple', 1, 'ac15e092f960910e0c6e7196a5736b6d0df90cfce554cd0168c99abc57c4fe07'),
(37, 2, 'Las variables declaradas dentro de una función en PHP son accesibles automáticamente fuera de ella sin necesidad de global o retorno.', 'boolean', 1, 'cd449f362fbfde2d07aceeed19581cdb37b0f6ffeb65eb3bd8cd3d48640b46b8'),
(38, 5, '¿Qué método de array transforma cada elemento y devuelve un nuevo array con los resultados?', 'multiple', 1, '14ae02b5db6d98562f21efdfa4cfd60c6a64b494afd1d3f796e24a30af0c044a'),
(39, 5, '¿Qué palabra clave se usa para manejar una promesa de forma asíncrona sin usar .then()?', 'multiple', 1, '932dd1a7334793c2f41a89f5ceb308ee76bdafc4cd4ed27304032d403d129e83'),
(40, 5, 'En JavaScript, una función flecha (=>) no tiene su propio this, sino que toma el del contexto donde fue definida.', 'boolean', 1, '2bb640b63a41f20bd8ae3879f270d18a15ead491350f178f076a51c51f10bcaf'),
(41, 5, '¿Qué método convierte un objeto JavaScript en una cadena de texto JSON?', 'multiple', 1, 'eb4a9ee06342274c2beb76fb0b81ac461abad5bbfff94140390a178b3f595162'),
(42, 5, 'El operador ... (spread) solo puede usarse con arrays, nunca con objetos.', 'boolean', 1, '3f12118ece221705da977c098a1e9b18ac6f48fef5d7fc64df3b89b900aba469'),
(43, 8, '¿Qué comando de Artisan se usa para crear una migración nueva?', 'multiple', 1, '95bdd2ac0a326bf23444e9a46cbebec324c7576bfb981aa5c4e940718183812e'),
(44, 8, '¿Cómo se definen las relaciones entre modelos en Eloquent, por ejemplo \"uno a muchos\"?', 'multiple', 1, 'c9df6831fc15265f482a91c7d2c2e6c998b3b571cba079e38487267a31806556'),
(45, 8, 'Los Middlewares en Laravel permiten filtrar peticiones HTTP antes de que lleguen a un controlador.', 'boolean', 1, 'a272348d6bcf205f599f011ebef7eaa777c2a44a195a1a4b6b11e2f9310ba151'),
(46, 8, '¿Qué archivo se usa para definir las variables de entorno (como credenciales de base de datos) en Laravel?', 'multiple', 1, '7f506d2e98a0ef798c94580ff8b4f01476d9218ba216b42836a7fcd442fc6d53'),
(47, 8, 'En Laravel, los \"Seeders\" se usan para poblar la base de datos con datos de prueba.', 'boolean', 1, '03bd51301dade8a1465a667a984d2c61c82f5162675e7eb22000d29014e23490');

-- --------------------------------------------------------

--
-- Estructura de tabla para la tabla `surveys`
--

DROP TABLE IF EXISTS `surveys`;
CREATE TABLE IF NOT EXISTS `surveys` (
  `id` int UNSIGNED NOT NULL AUTO_INCREMENT,
  `question` varchar(255) CHARACTER SET utf8mb4 COLLATE utf8mb4_unicode_ci NOT NULL,
  `options` json NOT NULL,
  `created_at` timestamp NULL DEFAULT CURRENT_TIMESTAMP,
  PRIMARY KEY (`id`)
) ENGINE=InnoDB AUTO_INCREMENT=3 DEFAULT CHARSET=utf8mb4 COLLATE=utf8mb4_unicode_ci;

--
-- Volcado de datos para la tabla `surveys`
--

INSERT INTO `surveys` (`id`, `question`, `options`, `created_at`) VALUES
(2, 'Que dia es hoy?', '[\"Lunes\", \"Domingo\"]', '2026-07-20 18:30:36');

-- --------------------------------------------------------

--
-- Estructura de tabla para la tabla `survey_responses`
--

DROP TABLE IF EXISTS `survey_responses`;
CREATE TABLE IF NOT EXISTS `survey_responses` (
  `id` int UNSIGNED NOT NULL AUTO_INCREMENT,
  `survey_id` int UNSIGNED NOT NULL,
  `user_id` int UNSIGNED DEFAULT NULL,
  `selected_option` varchar(255) CHARACTER SET utf8mb4 COLLATE utf8mb4_unicode_ci NOT NULL,
  `responded_at` timestamp NULL DEFAULT CURRENT_TIMESTAMP,
  PRIMARY KEY (`id`),
  KEY `survey_id` (`survey_id`),
  KEY `user_id` (`user_id`)
) ENGINE=InnoDB AUTO_INCREMENT=6 DEFAULT CHARSET=utf8mb4 COLLATE=utf8mb4_unicode_ci;

--
-- Volcado de datos para la tabla `survey_responses`
--

INSERT INTO `survey_responses` (`id`, `survey_id`, `user_id`, `selected_option`, `responded_at`) VALUES
(5, 2, 1, 'Lunes', '2026-07-20 18:30:45');

-- --------------------------------------------------------

--
-- Estructura de tabla para la tabla `themes`
--

DROP TABLE IF EXISTS `themes`;
CREATE TABLE IF NOT EXISTS `themes` (
  `id` int UNSIGNED NOT NULL AUTO_INCREMENT,
  `name` varchar(100) CHARACTER SET utf8mb4 COLLATE utf8mb4_unicode_ci NOT NULL,
  `description` text CHARACTER SET utf8mb4 COLLATE utf8mb4_unicode_ci,
  `created_by` int UNSIGNED NOT NULL,
  `created_at` timestamp NULL DEFAULT CURRENT_TIMESTAMP,
  PRIMARY KEY (`id`),
  UNIQUE KEY `name` (`name`),
  KEY `created_by` (`created_by`)
) ENGINE=InnoDB AUTO_INCREMENT=9 DEFAULT CHARSET=utf8mb4 COLLATE=utf8mb4_unicode_ci;

--
-- Volcado de datos para la tabla `themes`
--

INSERT INTO `themes` (`id`, `name`, `description`, `created_by`, `created_at`) VALUES
(1, 'PHP', 'Preguntas sobre el lenguaje PHP', 1, '2026-07-05 02:39:12'),
(2, 'JavaScript', 'Preguntas sobre JavaScript', 1, '2026-07-05 02:39:12'),
(5, 'Laravel', 'Tema interesante', 1, '2026-07-06 22:51:38');

-- --------------------------------------------------------

--
-- Estructura de tabla para la tabla `theme_levels`
--

DROP TABLE IF EXISTS `theme_levels`;
CREATE TABLE IF NOT EXISTS `theme_levels` (
  `id` int UNSIGNED NOT NULL AUTO_INCREMENT,
  `theme_id` int UNSIGNED NOT NULL,
  `level_id` int UNSIGNED NOT NULL,
  PRIMARY KEY (`id`),
  UNIQUE KEY `unique_theme_level` (`theme_id`,`level_id`),
  KEY `level_id` (`level_id`)
) ENGINE=InnoDB AUTO_INCREMENT=19 DEFAULT CHARSET=utf8mb4 COLLATE=utf8mb4_unicode_ci;

--
-- Volcado de datos para la tabla `theme_levels`
--

INSERT INTO `theme_levels` (`id`, `theme_id`, `level_id`) VALUES
(1, 1, 1),
(2, 1, 2),
(3, 1, 3),
(4, 2, 1),
(5, 2, 2),
(6, 2, 3),
(7, 5, 1),
(8, 5, 2),
(9, 5, 3);

-- --------------------------------------------------------

--
-- Estructura de tabla para la tabla `theme_suggestions`
--

DROP TABLE IF EXISTS `theme_suggestions`;
CREATE TABLE IF NOT EXISTS `theme_suggestions` (
  `id` int UNSIGNED NOT NULL AUTO_INCREMENT,
  `user_id` int UNSIGNED NOT NULL,
  `suggestion` varchar(255) CHARACTER SET utf8mb4 COLLATE utf8mb4_unicode_ci NOT NULL,
  `created_at` timestamp NULL DEFAULT CURRENT_TIMESTAMP,
  PRIMARY KEY (`id`),
  KEY `user_id` (`user_id`)
) ENGINE=MyISAM AUTO_INCREMENT=3 DEFAULT CHARSET=utf8mb4 COLLATE=utf8mb4_unicode_ci;

--
-- Volcado de datos para la tabla `theme_suggestions`
--

INSERT INTO `theme_suggestions` (`id`, `user_id`, `suggestion`, `created_at`) VALUES
(1, 1, 'Assembly y Python', '2026-07-19 14:48:47'),
(2, 5, 'Pueden ser de Html, Css y javascript', '2026-07-19 15:09:17');

-- --------------------------------------------------------

--
-- Estructura de tabla para la tabla `users`
--

DROP TABLE IF EXISTS `users`;
CREATE TABLE IF NOT EXISTS `users` (
  `id` int UNSIGNED NOT NULL AUTO_INCREMENT,
  `email` varchar(255) CHARACTER SET utf8mb4 COLLATE utf8mb4_unicode_ci NOT NULL,
  `username` varchar(50) CHARACTER SET utf8mb4 COLLATE utf8mb4_unicode_ci NOT NULL,
  `cedula` varchar(20) CHARACTER SET utf8mb4 COLLATE utf8mb4_unicode_ci NOT NULL,
  `password` varchar(255) CHARACTER SET utf8mb4 COLLATE utf8mb4_unicode_ci NOT NULL,
  `role` enum('player','armador','admin') CHARACTER SET utf8mb4 COLLATE utf8mb4_unicode_ci NOT NULL DEFAULT 'player',
  `avatar` varchar(255) CHARACTER SET utf8mb4 COLLATE utf8mb4_unicode_ci DEFAULT NULL,
  `total_points` int UNSIGNED NOT NULL DEFAULT '0',
  `created_at` timestamp NULL DEFAULT CURRENT_TIMESTAMP,
  `updated_at` timestamp NULL DEFAULT CURRENT_TIMESTAMP ON UPDATE CURRENT_TIMESTAMP,
  `signature` varchar(64) CHARACTER SET utf8mb4 COLLATE utf8mb4_unicode_ci DEFAULT NULL,
  PRIMARY KEY (`id`),
  UNIQUE KEY `email` (`email`),
  UNIQUE KEY `cedula` (`cedula`)
) ENGINE=InnoDB AUTO_INCREMENT=10 DEFAULT CHARSET=utf8mb4 COLLATE=utf8mb4_unicode_ci;

--
-- Volcado de datos para la tabla `users`
--

INSERT INTO `users` (`id`, `email`, `username`, `cedula`, `password`, `role`, `avatar`, `total_points`, `created_at`, `updated_at`, `signature`) VALUES
(1, 'luis@prueba.com', 'Luis', 'PENDIENTE-1', '$2y$10$zEQ80S/hIB87s4q7.3qxdOypXbL3MBfgUugs76fknjO.32tpCHFIy', 'admin', 'avatar_6a5c27355cebc.jpeg', 3525, '2026-07-05 01:55:47', '2026-07-21 14:17:17', NULL),
(2, 'carlos@prueba.com', 'Carlos', 'PENDIENTE-2', '$2y$10$PrgUffXSAj8KAjyG7nTM2eS8iR8dyJ5p5EgDuPS9Uh1YjRjHBiYRC', 'player', 'avatar_6a5ad757a7444.jpeg', 1570, '2026-07-05 04:20:48', '2026-07-18 01:36:50', NULL),
(4, 'Mario@prueba.com', 'Mario', '30303030', '$2y$10$yeYjvML0oLwYnkz2keOuJ.MxHbFqTUu.ugm4eFXARlFFgWfbZ90uG', 'player', NULL, 575, '2026-07-18 06:20:11', '2026-07-22 01:17:00', NULL),
(5, 'Oscar@prueba.com', 'Oscar', '22323232', '$2y$10$0pyg0FOthAJKimx1.oHleepB57OMImW8.u17AhkNlcHq2cg4bv6yW', 'player', 'avatar_6a5c03b518daf.png', 475, '2026-07-18 22:03:10', '2026-07-19 04:25:53', NULL),
(9, 'Luis22@gmail.com', 'Luis', '3-750-2425', '$2y$10$elJ58.SNtnPeEQSPVfCiE.5W8NHQW8IJZNUkr3rr9jdBB1qoU0pDW', 'player', NULL, 200, '2026-07-21 03:48:31', '2026-07-21 03:48:31', NULL);

-- --------------------------------------------------------

--
-- Estructura de tabla para la tabla `user_level_progress`
--

DROP TABLE IF EXISTS `user_level_progress`;
CREATE TABLE IF NOT EXISTS `user_level_progress` (
  `user_id` int UNSIGNED NOT NULL,
  `theme_level_id` int UNSIGNED NOT NULL,
  `completed` tinyint(1) NOT NULL DEFAULT '0',
  `score_percentage` decimal(5,2) DEFAULT '0.00',
  `attempted_at` timestamp NULL DEFAULT CURRENT_TIMESTAMP,
  `points` int NOT NULL DEFAULT '0',
  PRIMARY KEY (`user_id`,`theme_level_id`),
  UNIQUE KEY `uniq_user_theme_level` (`user_id`,`theme_level_id`),
  KEY `theme_level_id` (`theme_level_id`)
) ENGINE=InnoDB DEFAULT CHARSET=utf8mb4 COLLATE=utf8mb4_unicode_ci;

--
-- Volcado de datos para la tabla `user_level_progress`
--

INSERT INTO `user_level_progress` (`user_id`, `theme_level_id`, `completed`, `score_percentage`, `attempted_at`, `points`) VALUES
(1, 1, 1, 100.00, '2026-07-05 03:03:43', 500),
(1, 2, 1, 100.00, '2026-07-06 01:53:32', 30),
(1, 3, 1, 100.00, '2026-07-07 00:16:06', 0),
(1, 4, 1, 100.00, '2026-07-06 01:31:31', 50),
(1, 7, 1, 100.00, '2026-07-06 22:52:25', 0),
(1, 8, 1, 100.00, '2026-07-15 00:48:35', 0),
(1, 9, 1, 100.00, '2026-07-15 00:34:45', 0),
(2, 1, 1, 100.00, '2026-07-05 04:22:39', 0),
(2, 2, 1, 80.00, '2026-07-20 01:27:01', 40),
(4, 1, 1, 100.00, '2026-07-18 22:03:45', 230),
(4, 2, 1, 80.00, '2026-07-20 01:16:57', 50),
(4, 4, 0, 0.00, '2026-07-18 22:03:52', 0),
(4, 7, 0, 0.00, '2026-07-18 22:04:01', 0),
(5, 1, 1, 100.00, '2026-07-18 22:04:56', 50),
(5, 4, 1, 100.00, '2026-07-18 22:05:03', 0),
(5, 7, 0, 0.00, '2026-07-18 22:05:07', 0),
(9, 1, 1, 100.00, '2026-07-21 04:31:04', 50),
(9, 4, 1, 100.00, '2026-07-21 04:35:05', 50);

-- --------------------------------------------------------

--
-- Estructura de tabla para la tabla `user_prizes`
--

DROP TABLE IF EXISTS `user_prizes`;
CREATE TABLE IF NOT EXISTS `user_prizes` (
  `user_id` int UNSIGNED NOT NULL,
  `prize_id` int UNSIGNED NOT NULL,
  `awarded_at` timestamp NULL DEFAULT CURRENT_TIMESTAMP,
  PRIMARY KEY (`user_id`,`prize_id`),
  KEY `prize_id` (`prize_id`)
) ENGINE=InnoDB DEFAULT CHARSET=utf8mb4 COLLATE=utf8mb4_unicode_ci;

--
-- Volcado de datos para la tabla `user_prizes`
--

INSERT INTO `user_prizes` (`user_id`, `prize_id`, `awarded_at`) VALUES
(1, 9, '2026-07-19 03:16:24'),
(1, 10, '2026-07-19 03:39:28'),
(1, 11, '2026-07-19 03:55:21'),
(2, 12, '2026-07-20 01:27:01'),
(4, 9, '2026-07-19 23:13:29'),
(4, 12, '2026-07-20 01:17:45'),
(5, 9, '2026-07-19 04:09:04'),
(5, 10, '2026-07-19 04:55:45'),
(9, 9, '2026-07-21 04:31:04'),
(9, 10, '2026-07-21 04:35:05');

-- --------------------------------------------------------

--
-- Estructura de tabla para la tabla `user_theme_ratings`
--

DROP TABLE IF EXISTS `user_theme_ratings`;
CREATE TABLE IF NOT EXISTS `user_theme_ratings` (
  `user_id` int UNSIGNED NOT NULL,
  `theme_id` int UNSIGNED NOT NULL,
  `rating` enum('boring','interesting','great') CHARACTER SET utf8mb4 COLLATE utf8mb4_unicode_ci NOT NULL,
  `rated_at` timestamp NULL DEFAULT CURRENT_TIMESTAMP,
  PRIMARY KEY (`user_id`,`theme_id`),
  KEY `theme_id` (`theme_id`)
) ENGINE=InnoDB DEFAULT CHARSET=utf8mb4 COLLATE=utf8mb4_unicode_ci;

--
-- Volcado de datos para la tabla `user_theme_ratings`
--

INSERT INTO `user_theme_ratings` (`user_id`, `theme_id`, `rating`, `rated_at`) VALUES
(1, 1, 'great', '2026-07-05 04:39:08'),
(1, 2, 'great', '2026-07-06 01:50:34'),
(1, 5, 'great', '2026-07-07 00:11:50'),
(5, 1, 'great', '2026-07-19 17:21:28'),
(5, 2, 'great', '2026-07-19 17:21:30'),
(5, 5, 'great', '2026-07-19 17:21:32');

--
-- Restricciones para tablas volcadas
--

--
-- Filtros para la tabla `avatars`
--
ALTER TABLE `avatars`
  ADD CONSTRAINT `avatars_ibfk_1` FOREIGN KEY (`user_id`) REFERENCES `users` (`id`) ON DELETE CASCADE;

--
-- Filtros para la tabla `game_responses`
--
ALTER TABLE `game_responses`
  ADD CONSTRAINT `game_responses_ibfk_1` FOREIGN KEY (`session_id`) REFERENCES `game_sessions` (`id`) ON DELETE CASCADE,
  ADD CONSTRAINT `game_responses_ibfk_2` FOREIGN KEY (`user_id`) REFERENCES `users` (`id`),
  ADD CONSTRAINT `game_responses_ibfk_3` FOREIGN KEY (`question_id`) REFERENCES `questions` (`id`),
  ADD CONSTRAINT `game_responses_ibfk_4` FOREIGN KEY (`selected_option_id`) REFERENCES `options` (`id`);

--
-- Filtros para la tabla `game_sessions`
--
ALTER TABLE `game_sessions`
  ADD CONSTRAINT `game_sessions_ibfk_1` FOREIGN KEY (`theme_level_id`) REFERENCES `theme_levels` (`id`),
  ADD CONSTRAINT `game_sessions_ibfk_2` FOREIGN KEY (`host_user_id`) REFERENCES `users` (`id`);

--
-- Filtros para la tabla `login_attempts`
--
ALTER TABLE `login_attempts`
  ADD CONSTRAINT `login_attempts_ibfk_1` FOREIGN KEY (`user_id`) REFERENCES `users` (`id`) ON DELETE SET NULL;

--
-- Filtros para la tabla `options`
--
ALTER TABLE `options`
  ADD CONSTRAINT `options_ibfk_1` FOREIGN KEY (`question_id`) REFERENCES `questions` (`id`) ON DELETE CASCADE;

--
-- Filtros para la tabla `prize_levels`
--
ALTER TABLE `prize_levels`
  ADD CONSTRAINT `fk_prize_levels_theme_level` FOREIGN KEY (`theme_level_id`) REFERENCES `theme_levels` (`id`),
  ADD CONSTRAINT `prize_levels_ibfk_1` FOREIGN KEY (`prize_id`) REFERENCES `prizes` (`id`) ON DELETE CASCADE;

--
-- Filtros para la tabla `questions`
--
ALTER TABLE `questions`
  ADD CONSTRAINT `questions_ibfk_1` FOREIGN KEY (`theme_level_id`) REFERENCES `theme_levels` (`id`) ON DELETE CASCADE,
  ADD CONSTRAINT `questions_ibfk_2` FOREIGN KEY (`created_by`) REFERENCES `users` (`id`);

--
-- Filtros para la tabla `survey_responses`
--
ALTER TABLE `survey_responses`
  ADD CONSTRAINT `survey_responses_ibfk_1` FOREIGN KEY (`survey_id`) REFERENCES `surveys` (`id`) ON DELETE CASCADE,
  ADD CONSTRAINT `survey_responses_ibfk_2` FOREIGN KEY (`user_id`) REFERENCES `users` (`id`) ON DELETE SET NULL;

--
-- Filtros para la tabla `themes`
--
ALTER TABLE `themes`
  ADD CONSTRAINT `themes_ibfk_1` FOREIGN KEY (`created_by`) REFERENCES `users` (`id`);

--
-- Filtros para la tabla `theme_levels`
--
ALTER TABLE `theme_levels`
  ADD CONSTRAINT `theme_levels_ibfk_1` FOREIGN KEY (`theme_id`) REFERENCES `themes` (`id`) ON DELETE CASCADE,
  ADD CONSTRAINT `theme_levels_ibfk_2` FOREIGN KEY (`level_id`) REFERENCES `levels` (`id`);

--
-- Filtros para la tabla `user_level_progress`
--
ALTER TABLE `user_level_progress`
  ADD CONSTRAINT `user_level_progress_ibfk_1` FOREIGN KEY (`user_id`) REFERENCES `users` (`id`) ON DELETE CASCADE,
  ADD CONSTRAINT `user_level_progress_ibfk_2` FOREIGN KEY (`theme_level_id`) REFERENCES `theme_levels` (`id`);

--
-- Filtros para la tabla `user_prizes`
--
ALTER TABLE `user_prizes`
  ADD CONSTRAINT `user_prizes_ibfk_1` FOREIGN KEY (`user_id`) REFERENCES `users` (`id`) ON DELETE CASCADE,
  ADD CONSTRAINT `user_prizes_ibfk_2` FOREIGN KEY (`prize_id`) REFERENCES `prizes` (`id`);

--
-- Filtros para la tabla `user_theme_ratings`
--
ALTER TABLE `user_theme_ratings`
  ADD CONSTRAINT `user_theme_ratings_ibfk_1` FOREIGN KEY (`user_id`) REFERENCES `users` (`id`) ON DELETE CASCADE,
  ADD CONSTRAINT `user_theme_ratings_ibfk_2` FOREIGN KEY (`theme_id`) REFERENCES `themes` (`id`);
COMMIT;

/*!40101 SET CHARACTER_SET_CLIENT=@OLD_CHARACTER_SET_CLIENT */;
/*!40101 SET CHARACTER_SET_RESULTS=@OLD_CHARACTER_SET_RESULTS */;
/*!40101 SET COLLATION_CONNECTION=@OLD_COLLATION_CONNECTION */;
